,id,date,time,day,station,code,min_delay,min_gap,bound,line,vehicle,code_info,latitude,longitude,line_name,month,time_range,month_number,hour,year,Time,Time_group
35,36,2019-01-02,17:00,Wednesday,BESSARION STATION,MUPAA,5,8,E,SHP,6151,Passenger Assistance Alarm Activated - No Trouble Found,43.769166999999996,-79.376389,Sheppard,January,3-6PM,1,17,2019,17,afternoon_rush_hour
141,142,2019-01-09,19:44,Wednesday,BESSARION STATION,EUDO,6,11,W,SHP,6141,Door Problems - Faulty Equipment,43.769166999999996,-79.376389,Sheppard,January,6-9PM,1,19,2019,19,afternoon_rush_hour
157,158,2019-01-10,11:28,Thursday,DON MILLS STATION,TUMVS,3,9,E,SHP,6156,Operator Violated Signal,43.775556,-79.346389,Sheppard,January,9AM-12PM,1,11,2019,11,mid_day
187,188,2019-01-12,1:31,Saturday,DON MILLS STATION,SUROB,9,14,E,SHP,6181,Robbery,43.775556,-79.346389,Sheppard,January,9PM-1:30AM,1,1,2019,25,evening
219,220,2019-01-13,21:30,Sunday,SHEPPARD-YONGE SHP STATION,TUO,3,8,E,SHP,6176,Transportation Department - Other,,,Sheppard,January,9PM-1:30AM,1,21,2019,21,evening
348,349,2019-01-20,18:01,Sunday,DON MILLS STATION,SUO,22,28,E,SHP,6186,Passenger Other,43.775556,-79.346389,Sheppard,January,6-9PM,1,18,2019,18,afternoon_rush_hour
355,356,2019-01-21,7:13,Monday,DON MILLS STATION,PUSNT,3,8,E,SHP,6186,Signal Problem - No Trouble,43.775556,-79.346389,Sheppard,January,5-9AM,1,7,2019,7,morning_rush_hour
372,373,2019-01-21,10:34,Monday,LESLIE STATION,PUSI,3,8,E,SHP,6176,Signals or Related Components Failure ,43.771389,-79.365278,Sheppard,January,9AM-12PM,1,10,2019,10,mid_day
402,403,2019-01-22,14:52,Tuesday,DON MILLS STATION,MUIR,5,10,E,SHP,6171,Injured or ill Customer (On Train) - Medical Aid Refused,43.775556,-79.346389,Sheppard,January,12-3PM,1,14,2019,14,mid_day
449,450,2019-01-23,22:50,Wednesday,DON MILLS STATION,PUMEL,5,10,W,SHP,6171,Escalator/Elevator Incident,43.775556,-79.346389,Sheppard,January,9PM-1:30AM,1,22,2019,22,evening
575,576,2019-01-29,17:44,Tuesday,SHEPPARD-YONGE SHP STATION,EUOE,5,10,W,SHP,6171,Rail Cars & Shops Opr. Error,,,Sheppard,January,3-6PM,1,17,2019,17,afternoon_rush_hour
675,676,2019-02-01,14:09,Friday,DON MILLS STATION,MUSC,4,9,W,SHP,6191,Miscellaneous Speed Control,43.775556,-79.346389,Sheppard,February,12-3PM,2,14,2019,14,mid_day
782,783,2019-02-07,10:23,Thursday,SHEPPARD-YONGE SHP STATION,PUSNT,5,10,E,SHP,6176,Signal Problem - No Trouble,,,Sheppard,February,9AM-12PM,2,10,2019,10,mid_day
787,788,2019-02-08,1:26,Friday,SHEPPARD-YONGE SHP STATION,PUSO,4,9,E,SHP,6186,S/E/C Department Other,,,Sheppard,February,9PM-1:30AM,2,1,2019,25,evening
804,805,2019-02-08,23:30,Friday,LESLIE STATION,MUI,14,19,W,SHP,6191,Injured or ill Customer (On Train) - Transported,43.771389,-79.365278,Sheppard,February,9PM-1:30AM,2,23,2019,23,evening
825,826,2019-02-10,13:18,Sunday,SHEPPARD-YONGE SHP STATION,PUSI,10,15,E,SHP,6166,Signals or Related Components Failure ,,,Sheppard,February,12-3PM,2,13,2019,13,mid_day
856,857,2019-02-12,21:01,Tuesday,SHEPPARD-YONGE SHP STATION,TUNOA,5,10,W,SHP,6161,No Operator Immediately Available ,,,Sheppard,February,9PM-1:30AM,2,21,2019,21,evening
909,910,2019-02-14,15:57,Thursday,DON MILLS STATION,SUDP,5,10,W,SHP,6191,Disorderly Patron,43.775556,-79.346389,Sheppard,February,3-6PM,2,15,2019,15,mid_day
952,953,2019-02-16,1:11,Saturday,LESLIE STATION,TUMVS,10,15,W,SHP,6191,Operator Violated Signal,43.771389,-79.365278,Sheppard,February,9PM-1:30AM,2,1,2019,25,evening
954,955,2019-02-16,14:42,Saturday,LESLIE STATION,MUPAA,4,10,E,SHP,6176,Passenger Assistance Alarm Activated - No Trouble Found,43.771389,-79.365278,Sheppard,February,12-3PM,2,14,2019,14,mid_day
980,981,2019-02-18,6:23,Monday,SHEPPARD-YONGE SHP STATION,MUPLB,5,10,E,SHP,6166,Fire/Smoke Plan B - Source TTC,,,Sheppard,February,5-9AM,2,6,2019,6,
1029,1030,2019-02-21,11:51,Thursday,BESSARION STATION,MUTD,3,8,E,SHP,6196,Training Department Related Delays,43.769166999999996,-79.376389,Sheppard,February,9AM-12PM,2,11,2019,11,mid_day
1044,1045,2019-02-22,5:40,Friday,SHEPPARD-YONGE SHP STATION,TUO,7,12,W,SHP,6191,Transportation Department - Other,,,Sheppard,February,5-9AM,2,5,2019,29,off_operation
1087,1088,2019-02-25,2:07,Monday,BESSARION STATION,EUOPO,5,10,E,SHP,6181,OPTO RC&S Non-Train Door Monitoring,43.769166999999996,-79.376389,Sheppard,February,9PM-1:30AM,2,2,2019,26,off_operation
1184,1185,2019-02-28,14:20,Thursday,LESLIE STATION,TUMVS,5,10,W,SHP,6151,Operator Violated Signal,43.771389,-79.365278,Sheppard,February,12-3PM,2,14,2019,14,mid_day
1255,1256,2019-03-04,9:54,Monday,BESSARION STATION,MUI,14,19,W,SHP,6151,Injured or ill Customer (On Train) - Transported,43.769166999999996,-79.376389,Sheppard,March,9AM-12PM,3,9,2019,9,morning_rush_hour
1303,1304,2019-03-06,21:53,Wednesday,BESSARION STATION,MUI,16,21,W,SHP,6151,Injured or ill Customer (On Train) - Transported,43.769166999999996,-79.376389,Sheppard,March,9PM-1:30AM,3,21,2019,21,evening
1325,1326,2019-03-08,6:28,Friday,SHEPPARD-YONGE SHP STATION,MUIR,3,8,E,SHP,6176,Injured or ill Customer (On Train) - Medical Aid Refused,,,Sheppard,March,5-9AM,3,6,2019,6,
1329,1330,2019-03-08,13:19,Friday,BAYVIEW STATION,PUSO,3,8,W,SHP,6171,S/E/C Department Other,43.766944,-79.386667,Sheppard,March,12-3PM,3,13,2019,13,mid_day
1415,1416,2019-03-13,10:08,Wednesday,BAYVIEW STATION,TUO,5,10,E,SHP,6176,Transportation Department - Other,43.766944,-79.386667,Sheppard,March,9AM-12PM,3,10,2019,10,mid_day
1416,1417,2019-03-13,10:20,Wednesday,DON MILLS STATION,TUO,5,10,W,SHP,6166,Transportation Department - Other,43.775556,-79.346389,Sheppard,March,9AM-12PM,3,10,2019,10,mid_day
1420,1421,2019-03-13,15:01,Wednesday,SHEPPARD-YONGE SHP STATION,TUSUP,2,7,,SHP,6166,Supervisory Error,,,Sheppard,March,3-6PM,3,15,2019,15,mid_day
1497,1498,2019-03-17,14:25,Sunday,BAYVIEW STATION,PUOPO,5,10,E,SHP,6151,OPTO (COMMS) Train Door Monitoring,43.766944,-79.386667,Sheppard,March,12-3PM,3,14,2019,14,mid_day
1535,1536,2019-03-19,18:10,Tuesday,BESSARION STATION,PUDCS,3,8,E,SHP,6191,Data Communications System Failure,43.769166999999996,-79.376389,Sheppard,March,6-9PM,3,18,2019,18,afternoon_rush_hour
1549,1550,2019-03-20,19:15,Wednesday,SHEPPARD-YONGE SHP STATION,MUSAN,5,11,E,SHP,6191,Unsanitary Vehicle,,,Sheppard,March,6-9PM,3,19,2019,19,afternoon_rush_hour
1670,1671,2019-03-28,16:44,Thursday,LESLIE STATION,SUDP,6,11,W,SHP,6161,Disorderly Patron,43.771389,-79.365278,Sheppard,March,3-6PM,3,16,2019,16,mid_day
1710,1711,2019-03-31,14:32,Sunday,LESLIE STATION,PUOPO,5,10,W,SHP,6176,OPTO (COMMS) Train Door Monitoring,43.771389,-79.365278,Sheppard,March,12-3PM,3,14,2019,14,mid_day
1825,1826,2019-04-06,17:29,Saturday,BAYVIEW STATION,MUPAA,11,17,E,SHP,6196,Passenger Assistance Alarm Activated - No Trouble Found,43.766944,-79.386667,Sheppard,April,3-6PM,4,17,2019,17,afternoon_rush_hour
1829,1830,2019-04-06,21:52,Saturday,BAYVIEW STATION,MUSC,3,8,E,SHP,6141,Miscellaneous Speed Control,43.766944,-79.386667,Sheppard,April,9PM-1:30AM,4,21,2019,21,evening
1832,1833,2019-04-06,22:00,Saturday,LESLIE STATION,TUSUP,3,8,E,SHP,6141,Supervisory Error,43.771389,-79.365278,Sheppard,April,9PM-1:30AM,4,22,2019,22,evening
1869,1870,2019-04-09,11:41,Tuesday,SHEPPARD-YONGE SHP STATION,TUCC,5,10,W,SHP,6146,Transit Control Related Problems,,,Sheppard,April,9AM-12PM,4,11,2019,11,mid_day
1886,1887,2019-04-10,0:50,Wednesday,SHEPPARD-YONGE SHP STATION,MUPAA,3,8,E,SHP,6181,Passenger Assistance Alarm Activated - No Trouble Found,,,Sheppard,April,9PM-1:30AM,4,0,2019,24,evening
1892,1893,2019-04-10,11:30,Wednesday,SHEPPARD-YONGE SHP STATION,PUSNT,3,8,W,SHP,6156,Signal Problem - No Trouble,,,Sheppard,April,9AM-12PM,4,11,2019,11,mid_day
1922,1923,2019-04-12,9:52,Friday,BAYVIEW STATION,MUSC,5,19,E,SHP,6141,Miscellaneous Speed Control,43.766944,-79.386667,Sheppard,April,9AM-12PM,4,9,2019,9,morning_rush_hour
1953,1954,2019-04-14,11:29,Sunday,SHEPPARD-YONGE SHP STATION,SUSA,5,10,E,SHP,6151,Sexual Assault,,,Sheppard,April,9AM-12PM,4,11,2019,11,mid_day
2052,2053,2019-04-18,23:14,Thursday,SHEPPARD-YONGE SHP STATION,MUWR,5,10,E,SHP,6151,Work Refusal,,,Sheppard,April,9PM-1:30AM,4,23,2019,23,evening
2105,2106,2019-04-21,7:57,Sunday,SHEPPARD-YONGE SHP STATION,TUO,8,13,E,SHP,6151,Transportation Department - Other,,,Sheppard,April,5-9AM,4,7,2019,7,morning_rush_hour
2113,2114,2019-04-21,19:31,Sunday,BESSARION STATION,EUDO,5,10,W,SHP,6196,Door Problems - Faulty Equipment,43.769166999999996,-79.376389,Sheppard,April,6-9PM,4,19,2019,19,afternoon_rush_hour
2117,2118,2019-04-22,5:34,Monday,LESLIE STATION,PUSNT,3,0,W,SHP,6196,Signal Problem - No Trouble,43.771389,-79.365278,Sheppard,April,5-9AM,4,5,2019,29,off_operation
2160,2161,2019-04-24,8:20,Wednesday,LESLIE STATION,TUMVS,5,10,E,SHP,6191,Operator Violated Signal,43.771389,-79.365278,Sheppard,April,5-9AM,4,8,2019,8,morning_rush_hour
2188,2189,2019-04-25,11:51,Thursday,SHEPPARD-YONGE SHP STATION,TUCC,5,10,E,SHP,6146,Transit Control Related Problems,,,Sheppard,April,9AM-12PM,4,11,2019,11,mid_day
2390,2391,2019-05-06,23:51,Monday,LESLIE STATION,PUOPO,3,8,E,SHP,6141,OPTO (COMMS) Train Door Monitoring,43.771389,-79.365278,Sheppard,May,9PM-1:30AM,5,23,2019,23,evening
2414,2415,2019-05-08,16:01,Wednesday,BAYVIEW STATION,TUMVS,6,11,E,SHP,6151,Operator Violated Signal,43.766944,-79.386667,Sheppard,May,3-6PM,5,16,2019,16,mid_day
2415,2416,2019-05-08,16:07,Wednesday,BAYVIEW STATION,MUPAA,3,8,E,SHP,6151,Passenger Assistance Alarm Activated - No Trouble Found,43.766944,-79.386667,Sheppard,May,3-6PM,5,16,2019,16,mid_day
2545,2546,2019-05-14,18:10,Tuesday,DON MILLS STATION,SUDP,5,10,E,SHP,6166,Disorderly Patron,43.775556,-79.346389,Sheppard,May,6-9PM,5,18,2019,18,afternoon_rush_hour
2559,2560,2019-05-15,13:01,Wednesday,SHEPPARD-YONGE SHP STATION,PUCSS,10,15,E,SHP,6161,Central Office Signalling System,,,Sheppard,May,12-3PM,5,13,2019,13,mid_day
2596,2597,2019-05-17,2:09,Friday,BAYVIEW STATION,MUPAA,5,10,E,SHP,6161,Passenger Assistance Alarm Activated - No Trouble Found,43.766944,-79.386667,Sheppard,May,9PM-1:30AM,5,2,2019,26,off_operation
2740,2741,2019-05-24,5:34,Friday,LESLIE STATION,TUMVS,4,0,W,SHP,6171,Operator Violated Signal,43.771389,-79.365278,Sheppard,May,5-9AM,5,5,2019,29,off_operation
2768,2769,2019-05-25,11:43,Saturday,BESSARION STATION,MUSC,4,9,E,SHP,6151,Miscellaneous Speed Control,43.769166999999996,-79.376389,Sheppard,May,9AM-12PM,5,11,2019,11,mid_day
2796,2797,2019-05-26,14:16,Sunday,SHEPPARD-YONGE SHP STATION,MUI,5,10,W,SHP,6156,Injured or ill Customer (On Train) - Transported,,,Sheppard,May,12-3PM,5,14,2019,14,mid_day
2812,2813,2019-05-27,7:27,Monday,BESSARION STATION,PUOPO,4,9,E,SHP,6146,OPTO (COMMS) Train Door Monitoring,43.769166999999996,-79.376389,Sheppard,May,5-9AM,5,7,2019,7,morning_rush_hour
2815,2816,2019-05-27,9:32,Monday,SHEPPARD-YONGE SHP STATION,TUNIP,9,14,E,SHP,6196,Operator Not In Position,,,Sheppard,May,9AM-12PM,5,9,2019,9,morning_rush_hour
2816,2817,2019-05-27,10:07,Monday,DON MILLS STATION,TUCC,5,10,E,SHP,6156,Transit Control Related Problems,43.775556,-79.346389,Sheppard,May,9AM-12PM,5,10,2019,10,mid_day
2854,2855,2019-05-29,5:45,Wednesday,SHEPPARD-YONGE SHP STATION,TUNIP,4,9,E,SHP,6196,Operator Not In Position,,,Sheppard,May,5-9AM,5,5,2019,29,off_operation
2886,2887,2019-05-30,12:06,Thursday,BESSARION STATION,TUMVS,7,12,E,SHP,6176,Operator Violated Signal,43.769166999999996,-79.376389,Sheppard,May,12-3PM,5,12,2019,12,mid_day
2930,2931,2019-06-01,20:40,Saturday,SHEPPARD-YONGE SHP STATION,SUDP,3,8,E,SHP,6151,Disorderly Patron,,,Sheppard,June,6-9PM,6,20,2019,20,afternoon_rush_hour
3004,3005,2019-06-06,9:28,Thursday,BAYVIEW STATION,PUEO,4,9,W,SHP,6156,,43.766944,-79.386667,Sheppard,June,9AM-12PM,6,9,2019,9,morning_rush_hour
3020,3021,2019-06-07,2:10,Friday,DON MILLS STATION,TUMVS,4,9,E,SHP,6181,Operator Violated Signal,43.775556,-79.346389,Sheppard,June,9PM-1:30AM,6,2,2019,26,off_operation
3036,3037,2019-06-07,22:39,Friday,DON MILLS STATION,MUIR,4,9,W,SHP,6186,Injured or ill Customer (On Train) - Medical Aid Refused,43.775556,-79.346389,Sheppard,June,9PM-1:30AM,6,22,2019,22,evening
3058,3059,2019-06-09,21:44,Sunday,LESLIE STATION,PUOPO,5,10,E,SHP,6166,OPTO (COMMS) Train Door Monitoring,43.771389,-79.365278,Sheppard,June,9PM-1:30AM,6,21,2019,21,evening
3143,3144,2019-06-14,13:16,Friday,SHEPPARD-YONGE SHP STATION,MUI,5,11,,SHP,6161,Injured or ill Customer (On Train) - Transported,,,Sheppard,June,12-3PM,6,13,2019,13,mid_day
3185,3186,2019-06-17,1:25,Monday,DON MILLS STATION,MUTO,5,10,W,SHP,6191,Misc. Transportation Other - Employee Non-Chargeable,43.775556,-79.346389,Sheppard,June,9PM-1:30AM,6,1,2019,25,evening
3250,3251,2019-06-20,0:16,Thursday,SHEPPARD-YONGE SHP STATION,SUDP,6,11,E,SHP,6196,Disorderly Patron,,,Sheppard,June,9PM-1:30AM,6,0,2019,24,evening
3255,3256,2019-06-20,11:24,Thursday,SHEPPARD-YONGE SHP STATION,MUIR,5,10,W,SHP,6141,Injured or ill Customer (On Train) - Medical Aid Refused,,,Sheppard,June,9AM-12PM,6,11,2019,11,mid_day
3278,3279,2019-06-21,16:40,Friday,LESLIE STATION,MUPAA,3,8,,SHP,6176,Passenger Assistance Alarm Activated - No Trouble Found,43.771389,-79.365278,Sheppard,June,3-6PM,6,16,2019,16,mid_day
3282,3283,2019-06-21,21:33,Friday,BESSARION STATION,TUMVS,8,13,E,SHP,6156,Operator Violated Signal,43.769166999999996,-79.376389,Sheppard,June,9PM-1:30AM,6,21,2019,21,evening
3283,3284,2019-06-21,22:17,Friday,DON MILLS STATION,TUMVS,5,10,E,SHP,6146,Operator Violated Signal,43.775556,-79.346389,Sheppard,June,9PM-1:30AM,6,22,2019,22,evening
3313,3314,2019-06-23,14:16,Sunday,BAYVIEW STATION,TUMVS,4,9,E,SHP,6156,Operator Violated Signal,43.766944,-79.386667,Sheppard,June,12-3PM,6,14,2019,14,mid_day
3372,3373,2019-06-25,20:22,Tuesday,BAYVIEW STATION,SUEAS,12,18,E,SHP,6186,Emergency Alarm Station Activation,43.766944,-79.386667,Sheppard,June,6-9PM,6,20,2019,20,afternoon_rush_hour
3374,3375,2019-06-25,21:13,Tuesday,BESSARION STATION,SUDP,6,11,W,SHP,6151,Disorderly Patron,43.769166999999996,-79.376389,Sheppard,June,9PM-1:30AM,6,21,2019,21,evening
3420,3421,2019-06-28,6:04,Friday,BESSARION STATION,PUEO,3,8,E,SHP,6186,,43.769166999999996,-79.376389,Sheppard,June,5-9AM,6,6,2019,6,
3441,3442,2019-06-29,5:46,Saturday,LESLIE STATION,TUO,5,0,E,SHP,6186,Transportation Department - Other,43.771389,-79.365278,Sheppard,June,5-9AM,6,5,2019,29,off_operation
3457,3458,2019-06-29,22:37,Saturday,DON MILLS STATION,MUIR,4,9,W,SHP,6151,Injured or ill Customer (On Train) - Medical Aid Refused,43.775556,-79.346389,Sheppard,June,9PM-1:30AM,6,22,2019,22,evening
3462,3463,2019-06-30,1:23,Sunday,BESSARION STATION,PUOPO,5,10,E,SHP,6161,OPTO (COMMS) Train Door Monitoring,43.769166999999996,-79.376389,Sheppard,June,9PM-1:30AM,6,1,2019,25,evening
3597,3598,2019-07-07,20:29,Sunday,LESLIE STATION,MUPLC,16,22,W,SHP,6196,Fire/Smoke Plan C,43.771389,-79.365278,Sheppard,July,6-9PM,7,20,2019,20,afternoon_rush_hour
3599,3600,2019-07-07,21:45,Sunday,BESSARION STATION,TUMVS,5,10,E,SHP,6186,Operator Violated Signal,43.769166999999996,-79.376389,Sheppard,July,9PM-1:30AM,7,21,2019,21,evening
3641,3642,2019-07-09,14:47,Tuesday,LESLIE STATION,PUOPO,8,13,E,SHP,6156,OPTO (COMMS) Train Door Monitoring,43.771389,-79.365278,Sheppard,July,12-3PM,7,14,2019,14,mid_day
3696,3697,2019-07-11,19:32,Thursday,DON MILLS STATION,PUSWZ,5,10,W,SHP,6151,Work Zone Problems - Signals,43.775556,-79.346389,Sheppard,July,6-9PM,7,19,2019,19,afternoon_rush_hour
3760,3761,2019-07-15,20:40,Monday,LESLIE STATION,MUO,7,13,W,SHP,6181,Miscellaneous Other,43.771389,-79.365278,Sheppard,July,6-9PM,7,20,2019,20,afternoon_rush_hour
3776,3777,2019-07-17,0:06,Wednesday,DON MILLS STATION,PUCSC,3,11,E,SHP,6191,Signal Control Problem - Signals,43.775556,-79.346389,Sheppard,July,9PM-1:30AM,7,0,2019,24,evening
3803,3804,2019-07-18,14:34,Thursday,DON MILLS STATION,MUPAA,4,9,E,SHP,6161,Passenger Assistance Alarm Activated - No Trouble Found,43.775556,-79.346389,Sheppard,July,12-3PM,7,14,2019,14,mid_day
3847,3848,2019-07-20,1:29,Saturday,SHEPPARD-YONGE SHP STATION,TUNOA,5,10,E,SHP,6191,No Operator Immediately Available ,,,Sheppard,July,9PM-1:30AM,7,1,2019,25,evening
3856,3857,2019-07-20,16:19,Saturday,SHEPPARD-YONGE SHP STATION,MUSC,4,9,E,SHP,6181,Miscellaneous Speed Control,,,Sheppard,July,3-6PM,7,16,2019,16,mid_day
3860,3861,2019-07-20,20:02,Saturday,SHEPPARD-YONGE SHP STATION,MUSC,3,8,W,SHP,6196,Miscellaneous Speed Control,,,Sheppard,July,6-9PM,7,20,2019,20,afternoon_rush_hour
3951,3952,2019-07-25,22:16,Thursday,DON MILLS STATION,SUO,18,24,W,SHP,6146,Passenger Other,43.775556,-79.346389,Sheppard,July,9PM-1:30AM,7,22,2019,22,evening
3952,3953,2019-07-25,22:34,Thursday,DON MILLS STATION,TUCC,10,16,W,SHP,6146,Transit Control Related Problems,43.775556,-79.346389,Sheppard,July,9PM-1:30AM,7,22,2019,22,evening
3978,3979,2019-07-27,14:40,Saturday,BESSARION STATION,EUNT,5,10,E,SHP,6161,Equipment - No Trouble Found,43.769166999999996,-79.376389,Sheppard,July,12-3PM,7,14,2019,14,mid_day
3997,3998,2019-07-29,11:42,Monday,BESSARION STATION,EUNT,9,14,E,SHP,6196,Equipment - No Trouble Found,43.769166999999996,-79.376389,Sheppard,July,9AM-12PM,7,11,2019,11,mid_day
3998,3999,2019-07-29,11:53,Monday,BESSARION STATION,TUCC,9,14,W,SHP,6166,Transit Control Related Problems,43.769166999999996,-79.376389,Sheppard,July,9AM-12PM,7,11,2019,11,mid_day
4008,4009,2019-07-30,3:09,Tuesday,SHEPPARD-YONGE SHP STATION,TUO,5,10,W,SHP,6181,Transportation Department - Other,,,Sheppard,July,9PM-1:30AM,7,3,2019,27,off_operation
4055,4056,2019-07-31,20:58,Wednesday,SHEPPARD-YONGE SHP STATION,SUO,22,27,W,SHP,6186,Passenger Other,,,Sheppard,July,6-9PM,7,20,2019,20,afternoon_rush_hour
4063,4064,2019-08-01,7:22,Thursday,SHEPPARD-YONGE SHP STATION,SUEAS,8,12,E,SHP,6146,Emergency Alarm Station Activation,,,Sheppard,August,5-9AM,8,7,2019,7,morning_rush_hour
4144,4145,2019-08-06,10:48,Tuesday,BESSARION STATION,TUMVS,5,10,E,SHP,6161,Operator Violated Signal,43.769166999999996,-79.376389,Sheppard,August,9AM-12PM,8,10,2019,10,mid_day
4213,4214,2019-08-10,13:28,Saturday,LESLIE STATION,PUOPO,8,13,E,SHP,6186,OPTO (COMMS) Train Door Monitoring,43.771389,-79.365278,Sheppard,August,12-3PM,8,13,2019,13,mid_day
4285,4286,2019-08-14,7:31,Wednesday,DON MILLS STATION,PUCSS,4,9,W,SHP,6151,Central Office Signalling System,43.775556,-79.346389,Sheppard,August,5-9AM,8,7,2019,7,morning_rush_hour
4303,4304,2019-08-15,0:54,Thursday,BAYVIEW STATION,SUAP,6,11,E,SHP,6141,Assault / Patron Involved,43.766944,-79.386667,Sheppard,August,9PM-1:30AM,8,0,2019,24,evening
4304,4305,2019-08-15,1:02,Thursday,BESSARION STATION,MUO,3,8,W,SHP,6141,Miscellaneous Other,43.769166999999996,-79.376389,Sheppard,August,9PM-1:30AM,8,1,2019,25,evening
4315,4316,2019-08-15,21:22,Thursday,SHEPPARD-YONGE SHP STATION,SUDP,3,8,E,SHP,6171,Disorderly Patron,,,Sheppard,August,9PM-1:30AM,8,21,2019,21,evening
4347,4348,2019-08-17,9:04,Saturday,BESSARION STATION,PUSTS,3,8,E,SHP,6141,Signals - Train Stops,43.769166999999996,-79.376389,Sheppard,August,9AM-12PM,8,9,2019,9,morning_rush_hour
4362,4363,2019-08-18,13:38,Sunday,DON MILLS STATION,SUO,8,14,W,SHP,6161,Passenger Other,43.775556,-79.346389,Sheppard,August,12-3PM,8,13,2019,13,mid_day
4363,4364,2019-08-18,13:39,Sunday,DON MILLS STATION,SUO,8,15,W,SHP,6161,Passenger Other,43.775556,-79.346389,Sheppard,August,12-3PM,8,13,2019,13,mid_day
4367,4368,2019-08-18,17:57,Sunday,BESSARION STATION,PUOPO,4,9,E,SHP,6191,OPTO (COMMS) Train Door Monitoring,43.769166999999996,-79.376389,Sheppard,August,3-6PM,8,17,2019,17,afternoon_rush_hour
4402,4403,2019-08-20,13:02,Tuesday,SHEPPARD-YONGE SHP STATION,TUO,3,8,E,SHP,6191,Transportation Department - Other,,,Sheppard,August,12-3PM,8,13,2019,13,mid_day
4411,4412,2019-08-20,21:57,Tuesday,LESLIE STATION,TUOS,5,10,W,SHP,6171,Operator Overshot Platform,43.771389,-79.365278,Sheppard,August,9PM-1:30AM,8,21,2019,21,evening
4421,4422,2019-08-21,8:01,Wednesday,SHEPPARD-YONGE SHP STATION,TUSC,3,8,E,SHP,6171,Operator Overspeeding,,,Sheppard,August,5-9AM,8,8,2019,8,morning_rush_hour
4427,4428,2019-08-21,12:15,Wednesday,DON MILLS STATION,PUSNT,3,8,W,SHP,6171,Signal Problem - No Trouble,43.775556,-79.346389,Sheppard,August,12-3PM,8,12,2019,12,mid_day
4473,4474,2019-08-23,21:57,Friday,DON MILLS STATION,SUCOL,11,16,W,SHP,6146,Collector Booth Alarm Activated,43.775556,-79.346389,Sheppard,August,9PM-1:30AM,8,21,2019,21,evening
4516,4517,2019-08-27,11:01,Tuesday,BAYVIEW STATION,PUSNT,7,9,W,SHP,6181,Signal Problem - No Trouble,43.766944,-79.386667,Sheppard,August,9AM-12PM,8,11,2019,11,mid_day
4547,4548,2019-08-29,7:19,Thursday,LESLIE STATION,PUEO,3,8,W,SHP,6166,,43.771389,-79.365278,Sheppard,August,5-9AM,8,7,2019,7,morning_rush_hour
4566,4567,2019-08-30,17:04,Friday,LESLIE STATION,MUIR,5,11,E,SHP,6176,Injured or ill Customer (On Train) - Medical Aid Refused,43.771389,-79.365278,Sheppard,August,3-6PM,8,17,2019,17,afternoon_rush_hour
4583,4584,2019-09-01,13:26,Sunday,BAYVIEW STATION,EUOPO,5,10,E,SHP,6156,OPTO RC&S Non-Train Door Monitoring,43.766944,-79.386667,Sheppard,September,12-3PM,9,13,2019,13,mid_day
4781,4782,2019-09-15,14:35,Sunday,BESSARION STATION,MUPAA,3,9,W,SHP,6181,Passenger Assistance Alarm Activated - No Trouble Found,43.769166999999996,-79.376389,Sheppard,September,12-3PM,9,14,2019,14,mid_day
4792,4793,2019-09-16,9:43,Monday,SHEPPARD-YONGE SHP STATION,TUNIP,3,8,E,SHP,6146,Operator Not In Position,,,Sheppard,September,9AM-12PM,9,9,2019,9,morning_rush_hour
4826,4827,2019-09-18,15:51,Wednesday,SHEPPARD-YONGE SHP STATION,EUBO,5,10,E,SHP,6171,Body,,,Sheppard,September,3-6PM,9,15,2019,15,mid_day
4883,4884,2019-09-21,1:37,Saturday,BAYVIEW STATION,TUMVS,6,12,W,SHP,6156,Operator Violated Signal,43.766944,-79.386667,Sheppard,September,9PM-1:30AM,9,1,2019,25,evening
4915,4916,2019-09-23,2:34,Monday,SHEPPARD-YONGE SHP STATION,TUMVS,4,5,W,SHP,6186,Operator Violated Signal,,,Sheppard,September,9PM-1:30AM,9,2,2019,26,off_operation
4996,4997,2019-09-26,21:16,Thursday,DON MILLS STATION,EUNT,3,8,W,SHP,6151,Equipment - No Trouble Found,43.775556,-79.346389,Sheppard,September,9PM-1:30AM,9,21,2019,21,evening
5021,5022,2019-09-27,22:48,Friday,SHEPPARD-YONGE SHP STATION,MUPLB,23,29,W,SHP,6196,Fire/Smoke Plan B - Source TTC,,,Sheppard,September,9PM-1:30AM,9,22,2019,22,evening
5102,5103,2019-10-02,11:05,Wednesday,SHEPPARD-YONGE SHP STATION,TUO,3,8,E,SHP,6146,Transportation Department - Other,,,Sheppard,October,9AM-12PM,10,11,2019,11,mid_day
5151,5152,2019-10-04,21:23,Friday,DON MILLS STATION,TUO,5,8,E,SHP,6146,Transportation Department - Other,43.775556,-79.346389,Sheppard,October,9PM-1:30AM,10,21,2019,21,evening
5183,5184,2019-10-07,10:53,Monday,SHEPPARD-YONGE SHP STATION,SUDP,4,9,W,SHP,6146,Disorderly Patron,,,Sheppard,October,9AM-12PM,10,10,2019,10,mid_day
5184,5185,2019-10-07,13:16,Monday,SHEPPARD-YONGE SHP STATION,TUNIP,5,10,E,SHP,0,Operator Not In Position,,,Sheppard,October,12-3PM,10,13,2019,13,mid_day
5201,5202,2019-10-08,12:23,Tuesday,DON MILLS STATION,MUI,5,10,W,SHP,6142,Injured or ill Customer (On Train) - Transported,43.775556,-79.346389,Sheppard,October,12-3PM,10,12,2019,12,mid_day
5219,5220,2019-10-09,15:35,Wednesday,BESSARION STATION,TUMVS,8,13,W,SHP,6146,Operator Violated Signal,43.769166999999996,-79.376389,Sheppard,October,3-6PM,10,15,2019,15,mid_day
5233,5234,2019-10-10,14:01,Thursday,LESLIE STATION,TUMVS,5,11,W,SHP,6166,Operator Violated Signal,43.771389,-79.365278,Sheppard,October,12-3PM,10,14,2019,14,mid_day
5234,5235,2019-10-10,14:07,Thursday,BAYVIEW STATION,TUMVS,5,11,E,SHP,6186,Operator Violated Signal,43.766944,-79.386667,Sheppard,October,12-3PM,10,14,2019,14,mid_day
5241,5242,2019-10-10,23:23,Thursday,SHEPPARD-YONGE SHP STATION,EUTRD,4,10,E,SHP,6176,TR Cab Doors,,,Sheppard,October,9PM-1:30AM,10,23,2019,23,evening
5293,5294,2019-10-14,9:48,Monday,SHEPPARD-YONGE SHP STATION,PUSSW,7,12,W,SHP,6151,Track Switch Failure - Signal Related Problem,,,Sheppard,October,9AM-12PM,10,9,2019,9,morning_rush_hour
5311,5312,2019-10-15,19:43,Tuesday,DON MILLS STATION,SUDP,5,10,W,SHP,6176,Disorderly Patron,43.775556,-79.346389,Sheppard,October,6-9PM,10,19,2019,19,afternoon_rush_hour
5353,5354,2019-10-18,5:23,Friday,SHEPPARD-YONGE SHP STATION,TUNIP,3,8,E,SHP,6181,Operator Not In Position,,,Sheppard,October,5-9AM,10,5,2019,29,off_operation
5393,5394,2019-10-21,7:03,Monday,SHEPPARD-YONGE SHP STATION,TUO,4,9,E,SHP,6181,Transportation Department - Other,,,Sheppard,October,5-9AM,10,7,2019,7,morning_rush_hour
5399,5400,2019-10-21,11:48,Monday,DON MILLS STATION,TUO,7,12,W,SHP,6171,Transportation Department - Other,43.775556,-79.346389,Sheppard,October,9AM-12PM,10,11,2019,11,mid_day
5418,5419,2019-10-22,9:52,Tuesday,LESLIE STATION,MUPAA,5,10,W,SHP,6141,Passenger Assistance Alarm Activated - No Trouble Found,43.771389,-79.365278,Sheppard,October,9AM-12PM,10,9,2019,9,morning_rush_hour
5427,5428,2019-10-22,18:34,Tuesday,DON MILLS STATION,MUIR,6,11,W,SHP,6146,Injured or ill Customer (On Train) - Medical Aid Refused,43.775556,-79.346389,Sheppard,October,6-9PM,10,18,2019,18,afternoon_rush_hour
5443,5444,2019-10-23,13:08,Wednesday,BESSARION STATION,TUMVS,4,10,E,SHP,6146,Operator Violated Signal,43.769166999999996,-79.376389,Sheppard,October,12-3PM,10,13,2019,13,mid_day
5478,5479,2019-10-25,8:22,Friday,DON MILLS STATION,EUTRD,3,8,W,SHP,6176,TR Cab Doors,43.775556,-79.346389,Sheppard,October,5-9AM,10,8,2019,8,morning_rush_hour
5606,5607,2019-11-03,1:39,Sunday,BAYVIEW STATION,TUO,5,10,E,SHP,6196,Transportation Department - Other,43.766944,-79.386667,Sheppard,November,9PM-1:30AM,11,1,2019,25,evening
5644,5645,2019-11-05,8:50,Tuesday,SHEPPARD-YONGE SHP STATION,TUOPO,3,8,E,SHP,6151,OPTO Operator Related,,,Sheppard,November,5-9AM,11,8,2019,8,morning_rush_hour
5724,5725,2019-11-08,18:52,Friday,DON MILLS STATION,MUO,3,9,W,SHP,6176,Miscellaneous Other,43.775556,-79.346389,Sheppard,November,6-9PM,11,18,2019,18,afternoon_rush_hour
5726,5727,2019-11-08,20:05,Friday,LESLIE STATION,MUDD,5,10,W,SHP,6171,Door Problems - Debris Related,43.771389,-79.365278,Sheppard,November,6-9PM,11,20,2019,20,afternoon_rush_hour
5742,5743,2019-11-10,0:06,Sunday,SHEPPARD-YONGE SHP STATION,EUOE,12,17,E,SHP,6166,Rail Cars & Shops Opr. Error,,,Sheppard,November,9PM-1:30AM,11,0,2019,24,evening
5757,5758,2019-11-11,2:32,Monday,SHEPPARD-YONGE SHP STATION,MUSC,3,8,W,SHP,6186,Miscellaneous Speed Control,,,Sheppard,November,9PM-1:30AM,11,2,2019,26,off_operation
5815,5816,2019-11-12,22:11,Tuesday,SHEPPARD-YONGE SHP STATION,PUSTS,4,9,W,SHP,6141,Signals - Train Stops,,,Sheppard,November,9PM-1:30AM,11,22,2019,22,evening
5817,5818,2019-11-12,22:41,Tuesday,SHEPPARD-YONGE SHP STATION,PUSTS,6,11,W,SHP,6156,Signals - Train Stops,,,Sheppard,November,9PM-1:30AM,11,22,2019,22,evening
5892,5893,2019-11-17,13:03,Sunday,SHEPPARD-YONGE SHP STATION,EUTRD,6,11,E,SHP,6151,TR Cab Doors,,,Sheppard,November,12-3PM,11,13,2019,13,mid_day
5933,5934,2019-11-20,1:15,Wednesday,DON MILLS STATION,MUTD,4,9,E,SHP,5146,Training Department Related Delays,43.775556,-79.346389,Sheppard,November,9PM-1:30AM,11,1,2019,25,evening
6054,6055,2019-11-27,16:09,Wednesday,BAYVIEW STATION,TUS,5,10,W,SHP,0,Crew Unable to Maintain Schedule,43.766944,-79.386667,Sheppard,November,3-6PM,11,16,2019,16,mid_day
6056,6057,2019-11-27,16:35,Wednesday,DON MILLS STATION,TUS,5,10,W,SHP,0,Crew Unable to Maintain Schedule,43.775556,-79.346389,Sheppard,November,3-6PM,11,16,2019,16,mid_day
6067,6068,2019-11-28,0:14,Thursday,SHEPPARD-YONGE SHP STATION,MUSC,3,8,E,SHP,6166,Miscellaneous Speed Control,,,Sheppard,November,9PM-1:30AM,11,0,2019,24,evening
6148,6149,2019-12-02,21:34,Monday,SHEPPARD-YONGE SHP STATION,MUIR,3,8,E,SHP,5156,Injured or ill Customer (On Train) - Medical Aid Refused,,,Sheppard,December,9PM-1:30AM,12,21,2019,21,evening
6195,6196,2019-12-05,12:20,Thursday,DON MILLS STATION,MUTD,3,8,E,SHP,6191,Training Department Related Delays,43.775556,-79.346389,Sheppard,December,12-3PM,12,12,2019,12,mid_day
6226,6227,2019-12-06,19:09,Friday,LESLIE STATION,EUSC,4,9,E,SHP,6166,Speed Control Equipment  ,43.771389,-79.365278,Sheppard,December,6-9PM,12,19,2019,19,afternoon_rush_hour
6228,6229,2019-12-06,21:16,Friday,DON MILLS STATION,TUSC,3,8,W,SHP,6151,Operator Overspeeding,43.775556,-79.346389,Sheppard,December,9PM-1:30AM,12,21,2019,21,evening
6232,6233,2019-12-07,0:36,Saturday,SHEPPARD-YONGE SHP STATION,TUO,6,11,E,SHP,6166,Transportation Department - Other,,,Sheppard,December,9PM-1:30AM,12,0,2019,24,evening
6256,6257,2019-12-09,6:14,Monday,LESLIE STATION,TUMVS,3,8,E,SHP,6191,Operator Violated Signal,43.771389,-79.365278,Sheppard,December,5-9AM,12,6,2019,6,
6257,6258,2019-12-09,6:20,Monday,DON MILLS STATION,TUO,5,10,W,SHP,6191,Transportation Department - Other,43.775556,-79.346389,Sheppard,December,5-9AM,12,6,2019,6,
6289,6290,2019-12-10,23:08,Tuesday,SHEPPARD-YONGE SHP STATION,TUO,6,11,E,SHP,6176,Transportation Department - Other,,,Sheppard,December,9PM-1:30AM,12,23,2019,23,evening
6302,6303,2019-12-11,22:38,Wednesday,BAYVIEW STATION,PUTWZ,8,13,E,SHP,6166,Work Zone Problems - Track,43.766944,-79.386667,Sheppard,December,9PM-1:30AM,12,22,2019,22,evening
6328,6329,2019-12-13,8:26,Friday,BESSARION STATION,PUOPO,7,12,E,SHP,6171,OPTO (COMMS) Train Door Monitoring,43.769166999999996,-79.376389,Sheppard,December,5-9AM,12,8,2019,8,morning_rush_hour
6335,6336,2019-12-13,18:02,Friday,BESSARION STATION,MUSC,5,10,E,SHP,6141,Miscellaneous Speed Control,43.769166999999996,-79.376389,Sheppard,December,6-9PM,12,18,2019,18,afternoon_rush_hour
6339,6340,2019-12-13,22:10,Friday,BESSARION STATION,MUD,3,8,W,SHP,6176,Door Problems - Passenger Related,43.769166999999996,-79.376389,Sheppard,December,9PM-1:30AM,12,22,2019,22,evening
6362,6363,2019-12-15,1:22,Sunday,BESSARION STATION,PUOPO,5,10,E,SHP,6141,OPTO (COMMS) Train Door Monitoring,43.769166999999996,-79.376389,Sheppard,December,9PM-1:30AM,12,1,2019,25,evening
6367,6368,2019-12-15,8:33,Sunday,LESLIE STATION,PUOPO,8,13,E,SHP,6141,OPTO (COMMS) Train Door Monitoring,43.771389,-79.365278,Sheppard,December,5-9AM,12,8,2019,8,morning_rush_hour
6376,6377,2019-12-15,22:22,Sunday,SHEPPARD-YONGE SHP STATION,PUSSW,6,11,W,SHP,6176,Track Switch Failure - Signal Related Problem,,,Sheppard,December,9PM-1:30AM,12,22,2019,22,evening
6441,6442,2019-12-18,23:00,Wednesday,BESSARION STATION,MUO,4,9,E,SHP,6171,Miscellaneous Other,43.769166999999996,-79.376389,Sheppard,December,9PM-1:30AM,12,23,2019,23,evening
6461,6462,2019-12-19,20:51,Thursday,DON MILLS STATION,MUIR,13,18,W,SHP,6196,Injured or ill Customer (On Train) - Medical Aid Refused,43.775556,-79.346389,Sheppard,December,6-9PM,12,20,2019,20,afternoon_rush_hour
6463,6464,2019-12-19,21:31,Thursday,SHEPPARD-YONGE SHP STATION,SUO,16,21,W,SHP,6186,Passenger Other,,,Sheppard,December,9PM-1:30AM,12,21,2019,21,evening
6464,6465,2019-12-19,21:33,Thursday,BAYVIEW STATION,MUO,5,10,W,SHP,6146,Miscellaneous Other,43.766944,-79.386667,Sheppard,December,9PM-1:30AM,12,21,2019,21,evening
6482,6483,2019-12-20,20:16,Friday,BESSARION STATION,MUPAA,3,8,W,SHP,6196,Passenger Assistance Alarm Activated - No Trouble Found,43.769166999999996,-79.376389,Sheppard,December,6-9PM,12,20,2019,20,afternoon_rush_hour
6484,6485,2019-12-20,21:18,Friday,DON MILLS STATION,SUDP,8,13,W,SHP,6196,Disorderly Patron,43.775556,-79.346389,Sheppard,December,9PM-1:30AM,12,21,2019,21,evening
6513,6514,2019-12-22,12:12,Sunday,BESSARION STATION,PUOPO,7,12,E,SHP,6181,OPTO (COMMS) Train Door Monitoring,43.769166999999996,-79.376389,Sheppard,December,12-3PM,12,12,2019,12,mid_day
6528,6529,2019-12-23,5:33,Monday,DON MILLS STATION,TUO,4,0,W,SHP,5176,Transportation Department - Other,43.775556,-79.346389,Sheppard,December,5-9AM,12,5,2019,29,off_operation
6537,6538,2019-12-23,15:36,Monday,DON MILLS STATION,PUSTS,3,8,W,SHP,6196,Signals - Train Stops,43.775556,-79.346389,Sheppard,December,3-6PM,12,15,2019,15,mid_day
6539,6540,2019-12-23,16:24,Monday,DON MILLS STATION,EUDO,4,9,W,SHP,6196,Door Problems - Faulty Equipment,43.775556,-79.346389,Sheppard,December,3-6PM,12,16,2019,16,mid_day
6569,6570,2019-12-25,11:37,Wednesday,DON MILLS STATION,PUSTS,5,10,W,SHP,6176,Signals - Train Stops,43.775556,-79.346389,Sheppard,December,9AM-12PM,12,11,2019,11,mid_day
6571,6572,2019-12-25,12:57,Wednesday,DON MILLS STATION,PUSTS,5,10,W,SHP,6176,Signals - Train Stops,43.775556,-79.346389,Sheppard,December,12-3PM,12,12,2019,12,mid_day
6586,6587,2019-12-26,20:44,Thursday,BAYVIEW STATION,SUDP,23,28,W,SHP,6196,Disorderly Patron,43.766944,-79.386667,Sheppard,December,6-9PM,12,20,2019,20,afternoon_rush_hour
6601,6602,2019-12-27,13:02,Friday,LESLIE STATION,TUOS,6,11,E,SHP,6161,Operator Overshot Platform,43.771389,-79.365278,Sheppard,December,12-3PM,12,13,2019,13,mid_day
6640,6641,2019-12-30,11:06,Monday,DON MILLS STATION,MUSAN,5,10,W,SHP,6146,Unsanitary Vehicle,43.775556,-79.346389,Sheppard,December,9AM-12PM,12,11,2019,11,mid_day
6663,6664,2019-12-31,11:02,Tuesday,DON MILLS STATION,MUPAA,5,10,W,SHP,6151,Passenger Assistance Alarm Activated - No Trouble Found,43.775556,-79.346389,Sheppard,December,9AM-12PM,12,11,2019,11,mid_day
6863,6864,2018-01-09,2:38,Tuesday,SHEPPARD-YONGE SHP STATION,TUMVS,3,0,W,SHP,6176,Operator Violated Signal,43.761389,-79.410833,Sheppard,January,9PM-1:30AM,1,2,2018,26,off_operation
6886,6887,2018-01-10,0:11,Wednesday,SHEPPARD-YONGE SHP STATION,TUSC,3,8,E,SHP,6166,Operator Overspeeding,43.761389,-79.410833,Sheppard,January,9PM-1:30AM,1,0,2018,24,evening
7069,7070,2018-01-18,8:41,Thursday,SHEPPARD-YONGE SHP STATION,TUMVS,3,8,E,SHP,6166,Operator Violated Signal,43.761389,-79.410833,Sheppard,January,5-9AM,1,8,2018,8,morning_rush_hour
7098,7099,2018-01-19,15:40,Friday,LESLIE STATION,PUOPO,3,8,W,SHP,6186,OPTO (COMMS) Train Door Monitoring,43.771389,-79.365278,Sheppard,January,3-6PM,1,15,2018,15,mid_day
7103,7104,2018-01-19,17:51,Friday,LESLIE STATION,PUOPO,3,9,W,SHP,6186,OPTO (COMMS) Train Door Monitoring,43.771389,-79.365278,Sheppard,January,3-6PM,1,17,2018,17,afternoon_rush_hour
7105,7106,2018-01-19,18:12,Friday,DON MILLS STATION,PUOPO,3,9,W,SHP,6186,OPTO (COMMS) Train Door Monitoring,43.775556,-79.346389,Sheppard,January,6-9PM,1,18,2018,18,afternoon_rush_hour
7106,7107,2018-01-19,19:34,Friday,DON MILLS STATION,MUPAA,7,13,W,SHP,6151,Passenger Assistance Alarm Activated - No Trouble Found,43.775556,-79.346389,Sheppard,January,6-9PM,1,19,2018,19,afternoon_rush_hour
7112,7113,2018-01-20,0:02,Saturday,DON MILLS STATION,TUO,16,21,W,SHP,6176,Transportation Department - Other,43.775556,-79.346389,Sheppard,January,9PM-1:30AM,1,0,2018,24,evening
7119,7120,2018-01-20,7:13,Saturday,LESLIE STATION,PUOPO,10,15,W,SHP,6186,OPTO (COMMS) Train Door Monitoring,43.771389,-79.365278,Sheppard,January,5-9AM,1,7,2018,7,morning_rush_hour
7121,7122,2018-01-20,8:42,Saturday,LESLIE STATION,PUOPO,3,8,W,SHP,6186,OPTO (COMMS) Train Door Monitoring,43.771389,-79.365278,Sheppard,January,5-9AM,1,8,2018,8,morning_rush_hour
7123,7124,2018-01-20,9:48,Saturday,DON MILLS STATION,PUOPO,4,9,W,SHP,6186,OPTO (COMMS) Train Door Monitoring,43.775556,-79.346389,Sheppard,January,9AM-12PM,1,9,2018,9,morning_rush_hour
7124,7125,2018-01-20,10:31,Saturday,DON MILLS STATION,PUOPO,3,8,W,SHP,6186,OPTO (COMMS) Train Door Monitoring,43.775556,-79.346389,Sheppard,January,9AM-12PM,1,10,2018,10,mid_day
7126,7127,2018-01-20,11:39,Saturday,DON MILLS STATION,PUOPO,5,10,W,SHP,6186,OPTO (COMMS) Train Door Monitoring,43.775556,-79.346389,Sheppard,January,9AM-12PM,1,11,2018,11,mid_day
7127,7128,2018-01-20,13:16,Saturday,SHEPPARD-YONGE SHP STATION,PUOPO,5,10,E,SHP,6181,OPTO (COMMS) Train Door Monitoring,43.761389,-79.410833,Sheppard,January,12-3PM,1,13,2018,13,mid_day
7132,7133,2018-01-20,18:22,Saturday,SHEPPARD-YONGE SHP STATION,SUO,20,26,E,SHP,6171,Passenger Other,43.761389,-79.410833,Sheppard,January,6-9PM,1,18,2018,18,afternoon_rush_hour
7234,7235,2018-01-25,13:16,Thursday,SHEPPARD-YONGE SHP STATION,MUFS,16,21,W,SHP,6172,Fire/Smoke Plan B - Source External to TTC,43.761389,-79.410833,Sheppard,January,12-3PM,1,13,2018,13,mid_day
7241,7242,2018-01-25,21:08,Thursday,DON MILLS STATION,TUO,6,11,W,SHP,6186,Transportation Department - Other,43.775556,-79.346389,Sheppard,January,9PM-1:30AM,1,21,2018,21,evening
7249,7250,2018-01-26,8:19,Friday,LESLIE STATION,PUOPO,4,9,W,SHP,6186,OPTO (COMMS) Train Door Monitoring,43.771389,-79.365278,Sheppard,January,5-9AM,1,8,2018,8,morning_rush_hour
7288,7289,2018-01-28,16:32,Sunday,SHEPPARD-YONGE SHP STATION,MUO,7,13,W,SHP,6176,Miscellaneous Other,43.761389,-79.410833,Sheppard,January,3-6PM,1,16,2018,16,mid_day
7426,7427,2018-02-03,13:14,Saturday,SHEPPARD-YONGE SHP STATION,PUSTS,5,10,E,SHP,3146,Signals - Train Stops,43.761389,-79.410833,Sheppard,February,12-3PM,2,13,2018,13,mid_day
7427,7428,2018-02-03,13:48,Saturday,SHEPPARD-YONGE SHP STATION,PUSTS,5,10,E,SHP,6146,Signals - Train Stops,43.761389,-79.410833,Sheppard,February,12-3PM,2,13,2018,13,mid_day
7475,7476,2018-02-06,13:01,Tuesday,DON MILLS STATION,MUIS,5,10,W,SHP,6141,Injured or ill Customer (In Station) - Transported,43.775556,-79.346389,Sheppard,February,12-3PM,2,13,2018,13,mid_day
7536,7537,2018-02-10,0:01,Saturday,SHEPPARD-YONGE SHP STATION,EUTRD,10,15,E,SHP,6196,TR Cab Doors,43.761389,-79.410833,Sheppard,February,9PM-1:30AM,2,0,2018,24,evening
7557,7558,2018-02-10,20:57,Saturday,SHEPPARD-YONGE SHP STATION,EUTRD,8,13,E,SHP,6196,TR Cab Doors,43.761389,-79.410833,Sheppard,February,6-9PM,2,20,2018,20,afternoon_rush_hour
7569,7570,2018-02-11,12:12,Sunday,LESLIE STATION,MUSC,8,13,E,SHP,6181,Miscellaneous Speed Control,43.771389,-79.365278,Sheppard,February,12-3PM,2,12,2018,12,mid_day
7595,7596,2018-02-13,5:41,Tuesday,LESLIE STATION,PUSTS,8,13,W,SHP,6156,Signals - Train Stops,43.771389,-79.365278,Sheppard,February,5-9AM,2,5,2018,29,off_operation
7599,7600,2018-02-13,6:39,Tuesday,LESLIE STATION,PUOPO,7,12,W,SHP,6186,OPTO (COMMS) Train Door Monitoring,43.771389,-79.365278,Sheppard,February,5-9AM,2,6,2018,6,
7604,7605,2018-02-13,8:43,Tuesday,LESLIE STATION,PUOPO,3,8,W,SHP,6186,OPTO (COMMS) Train Door Monitoring,43.771389,-79.365278,Sheppard,February,5-9AM,2,8,2018,8,morning_rush_hour
7691,7692,2018-02-17,18:39,Saturday,LESLIE STATION,MUIR,3,9,E,SHP,6151,Injured or ill Customer (On Train) - Medical Aid Refused,43.771389,-79.365278,Sheppard,February,6-9PM,2,18,2018,18,afternoon_rush_hour
7702,7703,2018-02-18,14:54,Sunday,LESLIE STATION,SUDP,3,8,W,SHP,6166,Disorderly Patron,43.771389,-79.365278,Sheppard,February,12-3PM,2,14,2018,14,mid_day
7703,7704,2018-02-18,15:22,Sunday,BESSARION STATION,SUDP,19,24,E,SHP,6176,Disorderly Patron,43.769166999999996,-79.376389,Sheppard,February,3-6PM,2,15,2018,15,mid_day
7715,7716,2018-02-19,17:03,Monday,BESSARION STATION,PUOPO,6,11,E,SHP,6176,OPTO (COMMS) Train Door Monitoring,43.769166999999996,-79.376389,Sheppard,February,3-6PM,2,17,2018,17,afternoon_rush_hour
7716,7717,2018-02-19,17:06,Monday,BAYVIEW STATION,TUMVS,6,11,E,SHP,6166,Operator Violated Signal,43.766944,-79.386667,Sheppard,February,3-6PM,2,17,2018,17,afternoon_rush_hour
7717,7718,2018-02-19,18:00,Monday,DON MILLS STATION,EUDO,4,10,W,SHP,6161,Door Problems - Faulty Equipment,43.775556,-79.346389,Sheppard,February,6-9PM,2,18,2018,18,afternoon_rush_hour
7735,7736,2018-02-20,10:06,Tuesday,BESSARION STATION,EUNT,8,13,E,SHP,6151,Equipment - No Trouble Found,43.769166999999996,-79.376389,Sheppard,February,9AM-12PM,2,10,2018,10,mid_day
7739,7740,2018-02-20,11:01,Tuesday,BAYVIEW STATION,PUSI,8,13,W,SHP,6161,Signals or Related Components Failure ,43.766944,-79.386667,Sheppard,February,9AM-12PM,2,11,2018,11,mid_day
7798,7799,2018-02-23,8:05,Friday,SHEPPARD-YONGE SHP STATION,TUO,4,9,E,SHP,6166,Transportation Department - Other,43.761389,-79.410833,Sheppard,February,5-9AM,2,8,2018,8,morning_rush_hour
7864,7865,2018-02-27,13:51,Tuesday,BESSARION STATION,TUOS,6,11,E,SHP,6151,Operator Overshot Platform,43.769166999999996,-79.376389,Sheppard,February,12-3PM,2,13,2018,13,mid_day
7896,7897,2018-03-01,0:11,Thursday,SHEPPARD-YONGE SHP STATION,EUVE,6,11,W,SHP,0,Work Vehicle,43.761389,-79.410833,Sheppard,March,9PM-1:30AM,3,0,2018,24,evening
7948,7949,2018-03-03,15:09,Saturday,DON MILLS STATION,MUIR,4,10,W,SHP,6141,Injured or ill Customer (On Train) - Medical Aid Refused,43.775556,-79.346389,Sheppard,March,3-6PM,3,15,2018,15,mid_day
8018,8019,2018-03-07,19:04,Wednesday,BESSARION STATION,MUIR,4,9,W,SHP,6156,Injured or ill Customer (On Train) - Medical Aid Refused,43.769166999999996,-79.376389,Sheppard,March,6-9PM,3,19,2018,19,afternoon_rush_hour
8083,8084,2018-03-12,15:56,Monday,LESLIE STATION,PUOPO,3,8,W,SHP,6186,OPTO (COMMS) Train Door Monitoring,43.771389,-79.365278,Sheppard,March,3-6PM,3,15,2018,15,mid_day
8086,8087,2018-03-12,17:11,Monday,BAYVIEW STATION,MUPAA,3,8,E,SHP,6181,Passenger Assistance Alarm Activated - No Trouble Found,43.766944,-79.386667,Sheppard,March,3-6PM,3,17,2018,17,afternoon_rush_hour
8089,8090,2018-03-12,18:08,Monday,LESLIE STATION,PUOPO,3,8,W,SHP,6186,OPTO (COMMS) Train Door Monitoring,43.771389,-79.365278,Sheppard,March,6-9PM,3,18,2018,18,afternoon_rush_hour
8104,8105,2018-03-13,6:12,Tuesday,BAYVIEW STATION,TUMVS,5,10,E,SHP,6196,Operator Violated Signal,43.766944,-79.386667,Sheppard,March,5-9AM,3,6,2018,6,
8115,8116,2018-03-13,15:41,Tuesday,BAYVIEW STATION,PUOPO,3,8,E,SHP,6181,OPTO (COMMS) Train Door Monitoring,43.766944,-79.386667,Sheppard,March,3-6PM,3,15,2018,15,mid_day
8122,8123,2018-03-13,20:43,Tuesday,LESLIE STATION,PUOPO,7,12,W,SHP,6186,OPTO (COMMS) Train Door Monitoring,43.771389,-79.365278,Sheppard,March,6-9PM,3,20,2018,20,afternoon_rush_hour
8157,8158,2018-03-15,11:11,Thursday,DON MILLS STATION,MUDD,5,11,W,SHP,6141,Door Problems - Debris Related,43.775556,-79.346389,Sheppard,March,9AM-12PM,3,11,2018,11,mid_day
8186,8187,2018-03-16,22:32,Friday,SHEPPARD-YONGE SHP STATION,PUSSW,5,10,W,SHP,6146,Track Switch Failure - Signal Related Problem,43.761389,-79.410833,Sheppard,March,9PM-1:30AM,3,22,2018,22,evening
8280,8281,2018-03-21,18:55,Wednesday,LESLIE STATION,EUSC,5,11,W,SHP,6816,Speed Control Equipment  ,43.771389,-79.365278,Sheppard,March,6-9PM,3,18,2018,18,afternoon_rush_hour
8281,8282,2018-03-21,18:58,Wednesday,SHEPPARD-YONGE SHP STATION,PUSRA,5,11,W,SHP,6186,Subway Radio System Fault ,43.761389,-79.410833,Sheppard,March,6-9PM,3,18,2018,18,afternoon_rush_hour
8479,8480,2018-04-02,19:24,Monday,BAYVIEW STATION,SUDP,5,11,W,SHP,6156,Disorderly Patron,43.766944,-79.386667,Sheppard,April,6-9PM,4,19,2018,19,afternoon_rush_hour
8481,8482,2018-04-03,9:53,Tuesday,BAYVIEW STATION,PUOPO,9,14,W,SHP,6186,OPTO (COMMS) Train Door Monitoring,43.766944,-79.386667,Sheppard,April,9AM-12PM,4,9,2018,9,morning_rush_hour
8487,8488,2018-04-03,18:03,Tuesday,BAYVIEW STATION,SUDP,7,13,E,SHP,6196,Disorderly Patron,43.766944,-79.386667,Sheppard,April,6-9PM,4,18,2018,18,afternoon_rush_hour
8513,8514,2018-04-04,22:58,Wednesday,BAYVIEW STATION,SUDP,5,10,E,SHP,6141,Disorderly Patron,43.766944,-79.386667,Sheppard,April,9PM-1:30AM,4,22,2018,22,evening
8530,8531,2018-04-05,16:22,Thursday,DON MILLS STATION,MUIR,5,10,W,SHP,6171,Injured or ill Customer (On Train) - Medical Aid Refused,43.775556,-79.346389,Sheppard,April,3-6PM,4,16,2018,16,mid_day
8601,8602,2018-04-10,7:10,Tuesday,SHEPPARD-YONGE SHP STATION,TUMVS,5,10,E,SHP,6141,Operator Violated Signal,43.761389,-79.410833,Sheppard,April,5-9AM,4,7,2018,7,morning_rush_hour
8630,8631,2018-04-11,21:41,Wednesday,DON MILLS STATION,MUI,5,10,E,SHP,6146,Injured or ill Customer (On Train) - Transported,43.775556,-79.346389,Sheppard,April,9PM-1:30AM,4,21,2018,21,evening
8643,8644,2018-04-12,21:32,Thursday,LESLIE STATION,SUAP,14,19,W,SHP,6156,Assault / Patron Involved,43.771389,-79.365278,Sheppard,April,9PM-1:30AM,4,21,2018,21,evening
8767,8768,2018-04-19,21:38,Thursday,BESSARION STATION,TUMVS,3,8,E,SHP,6151,Operator Violated Signal,43.769166999999996,-79.376389,Sheppard,April,9PM-1:30AM,4,21,2018,21,evening
8771,8772,2018-04-20,7:50,Friday,BAYVIEW STATION,MUIR,3,8,W,SHP,6161,Injured or ill Customer (On Train) - Medical Aid Refused,43.766944,-79.386667,Sheppard,April,5-9AM,4,7,2018,7,morning_rush_hour
8810,8811,2018-04-23,2:36,Monday,SHEPPARD-YONGE SHP STATION,PUSTS,5,10,W,SHP,6161,Signals - Train Stops,43.761389,-79.410833,Sheppard,April,9PM-1:30AM,4,2,2018,26,off_operation
8811,8812,2018-04-23,5:44,Monday,BAYVIEW STATION,PUSO,8,0,W,SHP,6156,S/E/C Department Other,43.766944,-79.386667,Sheppard,April,5-9AM,4,5,2018,29,off_operation
8822,8823,2018-04-23,18:08,Monday,DON MILLS STATION,SUDP,5,10,W,SHP,6186,Disorderly Patron,43.775556,-79.346389,Sheppard,April,6-9PM,4,18,2018,18,afternoon_rush_hour
8840,8841,2018-04-25,0:29,Wednesday,SHEPPARD-YONGE SHP STATION,SUO,5,10,E,SHP,5651,Passenger Other,43.761389,-79.410833,Sheppard,April,9PM-1:30AM,4,0,2018,24,evening
8889,8890,2018-04-27,10:11,Friday,BESSARION STATION,MUPLB,24,29,E,SHP,6151,Fire/Smoke Plan B - Source TTC,43.769166999999996,-79.376389,Sheppard,April,9AM-12PM,4,10,2018,10,mid_day
9008,9009,2018-05-04,10:11,Friday,DON MILLS STATION,MUSC,3,8,W,SHP,6181,Miscellaneous Speed Control,43.775556,-79.346389,Sheppard,May,9AM-12PM,5,10,2018,10,mid_day
9049,9050,2018-05-05,21:34,Saturday,DON MILLS STATION,SUPOL,8,13,W,SHP,6161,Held By Polce - Non-TTC Related,43.775556,-79.346389,Sheppard,May,9PM-1:30AM,5,21,2018,21,evening
9060,9061,2018-05-07,0:11,Monday,BESSARION STATION,TUMVS,5,10,W,SHP,6146,Operator Violated Signal,43.769166999999996,-79.376389,Sheppard,May,9PM-1:30AM,5,0,2018,24,evening
9083,9084,2018-05-08,0:03,Tuesday,SHEPPARD-YONGE SHP STATION,EUME,5,10,E,SHP,6156,RC&S Maintenance Error - (Human),43.761389,-79.410833,Sheppard,May,9PM-1:30AM,5,0,2018,24,evening
9084,9085,2018-05-08,0:09,Tuesday,BAYVIEW STATION,EUCD,4,9,E,SHP,6156,Consequential Delay (2nd Delay Same Fault),43.766944,-79.386667,Sheppard,May,9PM-1:30AM,5,0,2018,24,evening
9085,9086,2018-05-08,0:27,Tuesday,SHEPPARD-YONGE SHP STATION,EUCD,5,10,W,SHP,6151,Consequential Delay (2nd Delay Same Fault),43.761389,-79.410833,Sheppard,May,9PM-1:30AM,5,0,2018,24,evening
9088,9089,2018-05-08,9:48,Tuesday,BESSARION STATION,TUMVS,10,15,E,SHP,6141,Operator Violated Signal,43.769166999999996,-79.376389,Sheppard,May,9AM-12PM,5,9,2018,9,morning_rush_hour
9140,9141,2018-05-10,18:22,Thursday,DON MILLS STATION,MUIR,6,12,,SHP,6191,Injured or ill Customer (On Train) - Medical Aid Refused,43.775556,-79.346389,Sheppard,May,6-9PM,5,18,2018,18,afternoon_rush_hour
9155,9156,2018-05-11,10:09,Friday,SHEPPARD-YONGE SHP STATION,PUSNT,5,10,E,SHP,6171,Signal Problem - No Trouble,43.761389,-79.410833,Sheppard,May,9AM-12PM,5,10,2018,10,mid_day
9184,9185,2018-05-12,6:32,Saturday,DON MILLS STATION,PUTO,10,15,W,SHP,6171,T&S Other,43.775556,-79.346389,Sheppard,May,5-9AM,5,6,2018,6,
9195,9196,2018-05-12,16:16,Saturday,DON MILLS STATION,PUSTC,28,33,W,SHP,5461,Signals - Track Circuit Problems,43.775556,-79.346389,Sheppard,May,3-6PM,5,16,2018,16,mid_day
9224,9225,2018-05-14,15:35,Monday,SHEPPARD-YONGE SHP STATION,TUNOA,5,10,E,SHP,6156,No Operator Immediately Available ,43.761389,-79.410833,Sheppard,May,3-6PM,5,15,2018,15,mid_day
9264,9265,2018-05-16,16:28,Wednesday,SHEPPARD-YONGE SHP STATION,PUSO,5,10,W,SHP,6156,S/E/C Department Other,43.761389,-79.410833,Sheppard,May,3-6PM,5,16,2018,16,mid_day
9287,9288,2018-05-17,19:22,Thursday,BAYVIEW STATION,MUI,5,10,W,SHP,6156,Injured or ill Customer (On Train) - Transported,43.766944,-79.386667,Sheppard,May,6-9PM,5,19,2018,19,afternoon_rush_hour
9292,9293,2018-05-18,5:31,Friday,DON MILLS STATION,PUCSS,5,0,E,SHP,6191,Central Office Signalling System,43.775556,-79.346389,Sheppard,May,5-9AM,5,5,2018,29,off_operation
9320,9321,2018-05-19,14:09,Saturday,DON MILLS STATION,PUSO,17,23,W,SHP,6146,S/E/C Department Other,43.775556,-79.346389,Sheppard,May,12-3PM,5,14,2018,14,mid_day
9327,9328,2018-05-20,8:06,Sunday,SHEPPARD-YONGE SHP STATION,TUNIP,7,13,E,SHP,6191,Operator Not In Position,43.761389,-79.410833,Sheppard,May,5-9AM,5,8,2018,8,morning_rush_hour
9346,9347,2018-05-21,18:44,Monday,SHEPPARD-YONGE SHP STATION,TUMVS,6,12,W,SHP,6151,Operator Violated Signal,43.761389,-79.410833,Sheppard,May,6-9PM,5,18,2018,18,afternoon_rush_hour
9366,9367,2018-05-22,21:18,Tuesday,DON MILLS STATION,PUSNT,4,9,W,SHP,6141,Signal Problem - No Trouble,43.775556,-79.346389,Sheppard,May,9PM-1:30AM,5,21,2018,21,evening
9367,9368,2018-05-22,21:36,Tuesday,DON MILLS STATION,EUNT,6,11,W,SHP,6191,Equipment - No Trouble Found,43.775556,-79.346389,Sheppard,May,9PM-1:30AM,5,21,2018,21,evening
9377,9378,2018-05-23,11:40,Wednesday,DON MILLS STATION,MUIR,4,9,W,SHP,6141,Injured or ill Customer (On Train) - Medical Aid Refused,43.775556,-79.346389,Sheppard,May,9AM-12PM,5,11,2018,11,mid_day
9432,9433,2018-05-26,22:00,Saturday,DON MILLS STATION,SUPOL,13,18,W,SHP,6166,Held By Polce - Non-TTC Related,43.775556,-79.346389,Sheppard,May,9PM-1:30AM,5,22,2018,22,evening
9433,9434,2018-05-26,22:08,Saturday,BESSARION STATION,SUPOL,5,10,W,SHP,6181,Held By Polce - Non-TTC Related,43.769166999999996,-79.376389,Sheppard,May,9PM-1:30AM,5,22,2018,22,evening
9446,9447,2018-05-27,16:48,Sunday,DON MILLS STATION,EUSC,5,10,W,SHP,6191,Speed Control Equipment  ,43.775556,-79.346389,Sheppard,May,3-6PM,5,16,2018,16,mid_day
9448,9449,2018-05-27,18:07,Sunday,LESLIE STATION,EUVA,5,10,E,SHP,6191,Warning Alarm Systems,43.771389,-79.365278,Sheppard,May,6-9PM,5,18,2018,18,afternoon_rush_hour
9625,9626,2018-06-04,16:59,Monday,DON MILLS STATION,TUO,7,12,W,SHP,6146,Transportation Department - Other,43.775556,-79.346389,Sheppard,June,3-6PM,6,16,2018,16,mid_day
9628,9629,2018-06-04,21:51,Monday,DON MILLS STATION,EULV,5,10,W,SHP,6151,Low Voltage,43.775556,-79.346389,Sheppard,June,9PM-1:30AM,6,21,2018,21,evening
9697,9698,2018-06-08,6:55,Friday,SHEPPARD-YONGE SHP STATION,EUDO,3,8,E,SHP,6141,Door Problems - Faulty Equipment,43.761389,-79.410833,Sheppard,June,5-9AM,6,6,2018,6,
9764,9765,2018-06-12,0:30,Tuesday,LESLIE STATION,TUOPO,5,10,E,SHP,6176,OPTO Operator Related,43.771389,-79.365278,Sheppard,June,9PM-1:30AM,6,0,2018,24,evening
9797,9798,2018-06-13,11:20,Wednesday,LESLIE STATION,TUSC,5,10,E,SHP,6151,Operator Overspeeding,43.771389,-79.365278,Sheppard,June,9AM-12PM,6,11,2018,11,mid_day
9880,9881,2018-06-17,1:40,Sunday,SHEPPARD-YONGE SHP STATION,TUNOA,6,12,E,SHP,6141,No Operator Immediately Available ,43.761389,-79.410833,Sheppard,June,9PM-1:30AM,6,1,2018,25,evening
9883,9884,2018-06-17,14:57,Sunday,LESLIE STATION,TUOS,3,8,E,SHP,5176,Operator Overshot Platform,43.771389,-79.365278,Sheppard,June,12-3PM,6,14,2018,14,mid_day
9979,9980,2018-06-21,18:57,Thursday,BAYVIEW STATION,MUPF,5,10,E,SHP,6166,,43.766944,-79.386667,Sheppard,June,6-9PM,6,18,2018,18,afternoon_rush_hour
10007,10008,2018-06-22,18:00,Friday,SHEPPARD-YONGE SHP STATION,MUO,6,11,E,SHP,6176,Miscellaneous Other,43.761389,-79.410833,Sheppard,June,6-9PM,6,18,2018,18,afternoon_rush_hour
10097,10098,2018-06-26,19:01,Tuesday,DON MILLS STATION,TUMVS,5,10,E,SHP,6176,Operator Violated Signal,43.775556,-79.346389,Sheppard,June,6-9PM,6,19,2018,19,afternoon_rush_hour
10099,10100,2018-06-26,20:28,Tuesday,DON MILLS STATION,EUBK,5,10,E,SHP,6196,Brakes,43.775556,-79.346389,Sheppard,June,6-9PM,6,20,2018,20,afternoon_rush_hour
10100,10101,2018-06-26,20:33,Tuesday,BAYVIEW STATION,TUMVS,5,10,E,SHP,6186,Operator Violated Signal,43.766944,-79.386667,Sheppard,June,6-9PM,6,20,2018,20,afternoon_rush_hour
10165,10166,2018-06-29,17:14,Friday,DON MILLS STATION,MUI,5,11,W,SHP,6182,Injured or ill Customer (On Train) - Transported,43.775556,-79.346389,Sheppard,June,3-6PM,6,17,2018,17,afternoon_rush_hour
10237,10238,2018-07-03,17:01,Tuesday,LESLIE STATION,TUOS,6,12,W,SHP,6171,Operator Overshot Platform,43.771389,-79.365278,Sheppard,July,3-6PM,7,17,2018,17,afternoon_rush_hour
10340,10341,2018-07-09,5:35,Monday,BAYVIEW STATION,PUSTS,5,10,E,SHP,6176,Signals - Train Stops,43.766944,-79.386667,Sheppard,July,5-9AM,7,5,2018,29,off_operation
10429,10430,2018-07-11,23:36,Wednesday,SHEPPARD-YONGE SHP STATION,MUNOA,5,10,E,SHP,0,No Operator Immediately Available - Not E.S.A. Related ,43.761389,-79.410833,Sheppard,July,9PM-1:30AM,7,23,2018,23,evening
10468,10469,2018-07-13,16:53,Friday,LESLIE STATION,SUDP,5,10,E,SHP,6156,Disorderly Patron,43.771389,-79.365278,Sheppard,July,3-6PM,7,16,2018,16,mid_day
10568,10569,2018-07-17,19:37,Tuesday,SHEPPARD-YONGE SHP STATION,PUSO,8,13,E,SHP,6141,S/E/C Department Other,43.761389,-79.410833,Sheppard,July,6-9PM,7,19,2018,19,afternoon_rush_hour
10579,10580,2018-07-18,9:10,Wednesday,BESSARION STATION,TUMVS,5,10,E,SHP,6141,Operator Violated Signal,43.769166999999996,-79.376389,Sheppard,July,9AM-12PM,7,9,2018,9,morning_rush_hour
10630,10631,2018-07-20,1:04,Friday,SHEPPARD-YONGE SHP STATION,EUTRD,4,9,E,SHP,6141,TR Cab Doors,43.761389,-79.410833,Sheppard,July,9PM-1:30AM,7,1,2018,25,evening
10693,10694,2018-07-22,23:14,Sunday,DON MILLS STATION,TUMVS,5,10,E,SHP,6191,Operator Violated Signal,43.775556,-79.346389,Sheppard,July,9PM-1:30AM,7,23,2018,23,evening
10718,10719,2018-07-23,17:43,Monday,DON MILLS STATION,MUI,7,13,W,SHP,6146,Injured or ill Customer (On Train) - Transported,43.775556,-79.346389,Sheppard,July,3-6PM,7,17,2018,17,afternoon_rush_hour
10743,10744,2018-07-24,19:06,Tuesday,SHEPPARD-YONGE SHP STATION,EUECD,8,13,E,SHP,6141,ECD / Line Mechanic Related Prob.,43.761389,-79.410833,Sheppard,July,6-9PM,7,19,2018,19,afternoon_rush_hour
10817,10818,2018-07-27,19:59,Friday,DON MILLS STATION,SUDP,4,9,W,SHP,6171,Disorderly Patron,43.775556,-79.346389,Sheppard,July,6-9PM,7,19,2018,19,afternoon_rush_hour
11105,11106,2018-08-09,16:39,Thursday,BAYVIEW STATION,MUPAA,3,8,W,SHP,6176,Passenger Assistance Alarm Activated - No Trouble Found,43.766944,-79.386667,Sheppard,August,3-6PM,8,16,2018,16,mid_day
11139,11140,2018-08-11,1:13,Saturday,DON MILLS STATION,MUIR,5,10,W,SHP,6191,Injured or ill Customer (On Train) - Medical Aid Refused,43.775556,-79.346389,Sheppard,August,9PM-1:30AM,8,1,2018,25,evening
11150,11151,2018-08-11,21:58,Saturday,SHEPPARD-YONGE SHP STATION,EUTRD,4,9,E,SHP,6161,TR Cab Doors,43.761389,-79.410833,Sheppard,August,9PM-1:30AM,8,21,2018,21,evening
11175,11176,2018-08-13,5:38,Monday,DON MILLS STATION,TUSUP,8,12,W,SHP,6191,Supervisory Error,43.775556,-79.346389,Sheppard,August,5-9AM,8,5,2018,29,off_operation
11196,11197,2018-08-13,22:32,Monday,SHEPPARD-YONGE SHP STATION,PUCSC,6,11,W,SHP,6196,Signal Control Problem - Signals,43.761389,-79.410833,Sheppard,August,9PM-1:30AM,8,22,2018,22,evening
11222,11223,2018-08-15,9:46,Wednesday,LESLIE STATION,TUOS,7,12,W,SHP,6166,Operator Overshot Platform,43.771389,-79.365278,Sheppard,August,9AM-12PM,8,9,2018,9,morning_rush_hour
11304,11305,2018-08-19,8:27,Sunday,SHEPPARD-YONGE SHP STATION,TUMVS,5,10,E,SHP,6146,Operator Violated Signal,43.761389,-79.410833,Sheppard,August,5-9AM,8,8,2018,8,morning_rush_hour
11391,11392,2018-08-23,11:51,Thursday,BAYVIEW STATION,MUPLB,19,24,E,SHP,6176,Fire/Smoke Plan B - Source TTC,43.766944,-79.386667,Sheppard,August,9AM-12PM,8,11,2018,11,mid_day
11393,11394,2018-08-23,13:41,Thursday,BESSARION STATION,PUOPO,5,10,W,SHP,6141,OPTO (COMMS) Train Door Monitoring,43.769166999999996,-79.376389,Sheppard,August,12-3PM,8,13,2018,13,mid_day
11428,11429,2018-08-25,15:56,Saturday,LESLIE STATION,TUMVS,3,8,W,SHP,6151,Operator Violated Signal,43.771389,-79.365278,Sheppard,August,3-6PM,8,15,2018,15,mid_day
11468,11469,2018-08-27,8:55,Monday,BESSARION STATION,PUOPO,3,8,W,SHP,6171,OPTO (COMMS) Train Door Monitoring,43.769166999999996,-79.376389,Sheppard,August,5-9AM,8,8,2018,8,morning_rush_hour
11541,11542,2018-08-30,13:21,Thursday,LESLIE STATION,TUOS,5,10,E,SHP,6156,Operator Overshot Platform,43.771389,-79.365278,Sheppard,August,12-3PM,8,13,2018,13,mid_day
11671,11672,2018-09-06,5:27,Thursday,BESSARION STATION,PUCSC,3,0,E,SHP,6141,Signal Control Problem - Signals,43.769166999999996,-79.376389,Sheppard,September,5-9AM,9,5,2018,29,off_operation
11672,11673,2018-09-06,5:45,Thursday,BESSARION STATION,PUCSC,3,8,W,SHP,5141,Signal Control Problem - Signals,43.769166999999996,-79.376389,Sheppard,September,5-9AM,9,5,2018,29,off_operation
11716,11717,2018-09-09,7:58,Sunday,BAYVIEW STATION,PUSO,5,10,E,SHP,6166,S/E/C Department Other,43.766944,-79.386667,Sheppard,September,5-9AM,9,7,2018,7,morning_rush_hour
11848,11849,2018-09-16,11:01,Sunday,BAYVIEW STATION,PUSCA,3,8,E,SHP,6176,SCADA Related Problems ,43.766944,-79.386667,Sheppard,September,9AM-12PM,9,11,2018,11,mid_day
11866,11867,2018-09-17,17:13,Monday,DON MILLS STATION,MUIR,3,8,E,SHP,6171,Injured or ill Customer (On Train) - Medical Aid Refused,43.775556,-79.346389,Sheppard,September,3-6PM,9,17,2018,17,afternoon_rush_hour
11869,11870,2018-09-17,17:50,Monday,LESLIE STATION,MUIRS,3,8,E,SHP,6176,Injured or ill Customer (In Station) - Medical Aid Refused,43.771389,-79.365278,Sheppard,September,3-6PM,9,17,2018,17,afternoon_rush_hour
11878,11879,2018-09-18,5:46,Tuesday,BAYVIEW STATION,MUPF,4,9,E,SHP,6176,,43.766944,-79.386667,Sheppard,September,5-9AM,9,5,2018,29,off_operation
11882,11883,2018-09-18,9:35,Tuesday,BAYVIEW STATION,PUSO,7,12,E,SHP,6156,S/E/C Department Other,43.766944,-79.386667,Sheppard,September,9AM-12PM,9,9,2018,9,morning_rush_hour
11958,11959,2018-09-22,14:39,Saturday,SHEPPARD-YONGE SHP STATION,TUKEY,3,8,E,SHP,6156,Two Drum Switch Keys Activated,43.761389,-79.410833,Sheppard,September,12-3PM,9,14,2018,14,mid_day
11984,11985,2018-09-24,11:03,Monday,BAYVIEW STATION,MUTD,3,8,E,SHP,6156,Training Department Related Delays,43.766944,-79.386667,Sheppard,September,9AM-12PM,9,11,2018,11,mid_day
12136,12137,2018-10-02,9:45,Tuesday,DON MILLS STATION,TUOPO,6,11,E,SHP,6176,OPTO Operator Related,43.775556,-79.346389,Sheppard,October,9AM-12PM,10,9,2018,9,morning_rush_hour
12149,12150,2018-10-02,20:22,Tuesday,BAYVIEW STATION,SUEAS,13,18,E,SHP,6166,Emergency Alarm Station Activation,43.766944,-79.386667,Sheppard,October,6-9PM,10,20,2018,20,afternoon_rush_hour
12253,12254,2018-10-09,8:33,Tuesday,LESLIE STATION,TUMVS,4,9,E,SHP,6141,Operator Violated Signal,43.771389,-79.365278,Sheppard,October,5-9AM,10,8,2018,8,morning_rush_hour
12254,12255,2018-10-09,8:42,Tuesday,DON MILLS STATION,PUOPO,5,10,W,SHP,6146,OPTO (COMMS) Train Door Monitoring,43.775556,-79.346389,Sheppard,October,5-9AM,10,8,2018,8,morning_rush_hour
12266,12267,2018-10-09,22:49,Tuesday,BESSARION STATION,MUPAA,4,9,E,SHP,6166,Passenger Assistance Alarm Activated - No Trouble Found,43.769166999999996,-79.376389,Sheppard,October,9PM-1:30AM,10,22,2018,22,evening
12359,12360,2018-10-15,18:50,Monday,BAYVIEW STATION,EUDO,5,10,E,SHP,6151,Door Problems - Faulty Equipment,43.766944,-79.386667,Sheppard,October,6-9PM,10,18,2018,18,afternoon_rush_hour
12393,12394,2018-10-17,2:25,Wednesday,SHEPPARD-YONGE SHP STATION,TUMVS,12,18,W,SHP,6191,Operator Violated Signal,43.761389,-79.410833,Sheppard,October,9PM-1:30AM,10,2,2018,26,off_operation
12477,12478,2018-10-20,2:35,Saturday,SHEPPARD-YONGE SHP STATION,MUO,22,30,E,SHP,6146,Miscellaneous Other,43.761389,-79.410833,Sheppard,October,9PM-1:30AM,10,2,2018,26,off_operation
12481,12482,2018-10-20,10:33,Saturday,BESSARION STATION,MUPAA,4,9,W,SHP,6196,Passenger Assistance Alarm Activated - No Trouble Found,43.769166999999996,-79.376389,Sheppard,October,9AM-12PM,10,10,2018,10,mid_day
12508,12509,2018-10-22,17:17,Monday,SHEPPARD-YONGE SHP STATION,PUCSS,5,10,E,SHP,6181,Central Office Signalling System,43.761389,-79.410833,Sheppard,October,3-6PM,10,17,2018,17,afternoon_rush_hour
12518,12519,2018-10-23,5:34,Tuesday,BESSARION STATION,EUPI,15,20,E,SHP,6191,Propulsion System,43.769166999999996,-79.376389,Sheppard,October,5-9AM,10,5,2018,29,off_operation
12569,12570,2018-10-25,23:46,Thursday,SHEPPARD-YONGE SHP STATION,MUDD,3,8,E,SHP,6166,Door Problems - Debris Related,43.761389,-79.410833,Sheppard,October,9PM-1:30AM,10,23,2018,23,evening
12599,12600,2018-10-27,11:18,Saturday,BAYVIEW STATION,TUOS,8,13,W,SHP,6151,Operator Overshot Platform,43.766944,-79.386667,Sheppard,October,9AM-12PM,10,11,2018,11,mid_day
12636,12637,2018-10-29,18:27,Monday,LESLIE STATION,MUPAA,4,9,E,SHP,6141,Passenger Assistance Alarm Activated - No Trouble Found,43.771389,-79.365278,Sheppard,October,6-9PM,10,18,2018,18,afternoon_rush_hour
12686,12687,2018-11-02,9:00,Friday,DON MILLS STATION,SUDP,5,10,E,SHP,6156,Disorderly Patron,43.775556,-79.346389,Sheppard,November,9AM-12PM,11,9,2018,9,morning_rush_hour
12832,12833,2018-11-09,17:00,Friday,BAYVIEW STATION,SUUT,7,13,W,SHP,6171,Unauthorized at Track Level,43.766944,-79.386667,Sheppard,November,3-6PM,11,17,2018,17,afternoon_rush_hour
12941,12942,2018-11-15,15:16,Thursday,BAYVIEW STATION,EUDO,6,11,W,SHP,6151,Door Problems - Faulty Equipment,43.766944,-79.386667,Sheppard,November,3-6PM,11,15,2018,15,mid_day
13000,13001,2018-11-19,8:01,Monday,SHEPPARD-YONGE SHP STATION,MUIRS,3,8,E,SHP,6156,Injured or ill Customer (In Station) - Medical Aid Refused,43.761389,-79.410833,Sheppard,November,5-9AM,11,8,2018,8,morning_rush_hour
13020,13021,2018-11-20,8:37,Tuesday,DON MILLS STATION,SUEAS,3,8,W,SHP,6151,Emergency Alarm Station Activation,43.775556,-79.346389,Sheppard,November,5-9AM,11,8,2018,8,morning_rush_hour
13021,13022,2018-11-20,8:56,Tuesday,SHEPPARD-YONGE SHP STATION,MUI,5,10,E,SHP,5151,Injured or ill Customer (On Train) - Transported,43.761389,-79.410833,Sheppard,November,5-9AM,11,8,2018,8,morning_rush_hour
13023,13024,2018-11-20,10:25,Tuesday,LESLIE STATION,PUOPO,6,11,W,SHP,6146,OPTO (COMMS) Train Door Monitoring,43.771389,-79.365278,Sheppard,November,9AM-12PM,11,10,2018,10,mid_day
13093,13094,2018-11-23,10:50,Friday,BESSARION STATION,PUSTS,5,10,W,SHP,6176,Signals - Train Stops,43.769166999999996,-79.376389,Sheppard,November,9AM-12PM,11,10,2018,10,mid_day
13115,13116,2018-11-24,22:22,Saturday,SHEPPARD-YONGE SHP STATION,MUNOA,5,10,,SHP,6196,No Operator Immediately Available - Not E.S.A. Related ,43.761389,-79.410833,Sheppard,November,9PM-1:30AM,11,22,2018,22,evening
13294,13295,2018-12-05,16:36,Wednesday,DON MILLS STATION,PUOPO,4,9,W,SHP,6141,OPTO (COMMS) Train Door Monitoring,43.775556,-79.346389,Sheppard,December,3-6PM,12,16,2018,16,mid_day
13367,13368,2018-12-10,10:15,Monday,DON MILLS STATION,SUROB,9,14,,SHP,0,Robbery,43.775556,-79.346389,Sheppard,December,9AM-12PM,12,10,2018,10,mid_day
13380,13381,2018-12-11,5:50,Tuesday,LESLIE STATION,PUOPO,3,8,W,SHP,6141,OPTO (COMMS) Train Door Monitoring,43.771389,-79.365278,Sheppard,December,5-9AM,12,5,2018,29,off_operation
13408,13409,2018-12-13,1:24,Thursday,DON MILLS STATION,MUTD,4,9,E,SHP,6181,Training Department Related Delays,43.775556,-79.346389,Sheppard,December,9PM-1:30AM,12,1,2018,25,evening
13431,13432,2018-12-14,6:34,Friday,DON MILLS STATION,TUOPO,4,9,W,SHP,6191,OPTO Operator Related,43.775556,-79.346389,Sheppard,December,5-9AM,12,6,2018,6,
13445,13446,2018-12-14,16:16,Friday,DON MILLS STATION,TUSC,4,8,E,SHP,6171,Operator Overspeeding,43.775556,-79.346389,Sheppard,December,3-6PM,12,16,2018,16,mid_day
13512,13513,2018-12-18,9:57,Tuesday,BAYVIEW STATION,PUSTS,3,9,W,SHP,6141,Signals - Train Stops,43.766944,-79.386667,Sheppard,December,9AM-12PM,12,9,2018,9,morning_rush_hour
13517,13518,2018-12-18,20:00,Tuesday,LESLIE STATION,SUDP,4,11,E,SHP,6191,Disorderly Patron,43.771389,-79.365278,Sheppard,December,6-9PM,12,20,2018,20,afternoon_rush_hour
13559,13560,2018-12-20,13:59,Thursday,DON MILLS STATION,TUMVS,5,10,E,SHP,6191,Operator Violated Signal,43.775556,-79.346389,Sheppard,December,12-3PM,12,13,2018,13,mid_day
13623,13624,2018-12-25,1:15,Tuesday,BAYVIEW STATION,TUO,10,15,W,SHP,6196,Transportation Department - Other,43.766944,-79.386667,Sheppard,December,9PM-1:30AM,12,1,2018,25,evening
13660,13661,2018-12-27,17:14,Thursday,DON MILLS STATION,MUI,5,10,W,SHP,6146,Injured or ill Customer (On Train) - Transported,43.775556,-79.346389,Sheppard,December,3-6PM,12,17,2018,17,afternoon_rush_hour
13671,13672,2018-12-28,10:44,Friday,DON MILLS STATION,SUDP,5,10,W,SHP,6151,Disorderly Patron,43.775556,-79.346389,Sheppard,December,9AM-12PM,12,10,2018,10,mid_day
13720,13721,2018-12-31,14:07,Monday,SHEPPARD-YONGE SHP STATION,MUIR,5,10,W,SHP,6196,Injured or ill Customer (On Train) - Medical Aid Refused,43.761389,-79.410833,Sheppard,December,12-3PM,12,14,2018,14,mid_day
